{
    "bgm.playing": {
        "sounds": [
            "bgm/playing"
        ]
    },
    "bgm.start":{
        "sounds":[
            "bgm/start"
        ]
    },
    "say.say1": {
        "sounds": [
            "say/say1"
        ]
    },
    "say.say2":{
        "sounds":[
            "say/say2"
        ]
    },
    "say.say3": {
        "sounds": [
            "say/say3"
        ]
    },
    "soundeffect.death":{
        "sounds":[
            "soundeffect/death"
        ]
    },
    "soundeffect.end_lose": {
        "sounds": [
            "soundeffect/end_lose"
        ]
    },
    "soundeffect.end_win": {
        "sounds": [
            "soundeffect/end_win"
        ]
    }
}