{
    "parent": "block/stone_button_inventory",
    "overrides": [
        {"predicate": {"custom_model_data":1}, "model": "tool/1"},
        {"predicate": {"custom_model_data":2}, "model": "tool/2"},
        {"predicate": {"custom_model_data":3}, "model": "tool/3"},
        {"predicate": {"custom_model_data":4}, "model": "tool/4"},
        {"predicate": {"custom_model_data":5}, "model": "tool/5"},
        {"predicate": {"custom_model_data":6}, "model": "tool/6"},
        {"predicate": {"custom_model_data":7}, "model": "tool/7"},
        {"predicate": {"custom_model_data":8}, "model": "tool/8"}
    ]
}